00:01,1.19,7.18,welcome to Oakland California for Game seven of the 2016 NBA Finals where the
00:08,8.37,5.92,Golden State Warriors had a comfortable 3-1 series lead two straight losses at their repeat
00:14,14.29,6.27,hopes in some jeopardy meanwhile in Cleveland the Cavalier fans have hope
00:21,20.56,5.84,again that this could be the year that the title drought comes to an end
00:26,26.40,7.86,LeBron James and the Cavs with victories in games five and six to even this series at seven names of peace can they
00:34,34.26,5.91,pull off the victory here tonight meanwhile Golden State struggling the last couple of games
00:40,40.17,7.47,but they're back on their home floor where they're so tough to beat over the last couple of sessions arena is alive
00:48,47.64,5.42,and roaring as we get set for Game seven there's the starting lineups and the
00:53,53.06,5.50,change Festus is healing Andrew Bogut out with a knee injury Andre Iguodala will come
00:59,58.56,5.13,off the bench Burroughs Ely his first start of the entire postseason he
01:04,63.69,9.20,started 13 games during the regular season he has been a terrific backup Center tonight the starting role
01:13,73.32,7.08,these finals had to add a little bit of everything some great team plays unbelievable individual performances
01:20,80.40,6.78,suspensions and ejection off court drama the one thing we haven't had yet is a close game let's see if that happens
01:27,87.18,5.55,tonight JR Smith misses does Hill he can't control it but curry tips to the
01:33,92.73,6.33,bones and Mike right away we see draymond Green starting defense Lee against LeBron James trying to make sure
01:39,99.06,6.00,they keep him outside in the paint area and force him to be a jump shooter Green
01:45,105.06,6.36,was not pleased with his performance in Game six said he was too tentative vasily can't get at the ball and James
01:51,111.42,7.83,the rebound guys you both have been a part of game sevens you've both been a part of the finals but butterflies in
01:59,119.25,6.57,the nerves have to be unbelievable as Thompson goes inside and lays it in how do you get it to settle down but you
02:06,125.82,6.30,got to continue to remind yourself that is just another game sure the intensity show of the moment sure the sense of
02:12,132.12,5.43,urgency but don't get out of character the same things that put you into position will put you in position to be
02:18,137.55,7.29,a champ klay Thompson drives rain fakes bring up to a ceiling who misses from
02:25,144.84,6.06,point-blank range James comes out of the pack fakes drives on Barnes left-handed
02:31,150.90,10.49,banks it in and as Ely said to quality looks to start the game which starts have been
02:41,161.39,5.28,critical recently as Curry's way off the mark Thompson gets the rebound for the
02:47,166.67,5.16,Cleveland Cavaliers what they did the start Game six was unreal one of the
02:52,171.83,6.99,more dominant first quarters you'll ever see in a playoff game as breed throws it down on a beautiful feed from the
02:59,178.82,6.72,ceiling and a good job little split action in the lack of communication from Thompson and James allowed draymond
03:06,185.54,8.03,Green to Brooklyn to the cup Kevin Love looking to post-up play Thompson on him
03:14,193.57,7.65,shot clock at 6 love double team finds junior Smith launches at three-pointer
03:21,201.40,5.65,love's got to catch that deeper or he's inviting the double teams green again to
03:27,207.05,5.13,a ceiling and he's fouled on the entry passes Tristan Thompson will pick up his
03:32,212.18,5.31,first [Applause] Tristan Thompson says he didn't call
03:37,217.49,5.49,switch this is a big to big pic as far as Thompson and James good job by the
03:43,222.98,5.36,Warriors creating that confusion and a great pass from Azealia Barnes
03:48,228.34,5.71,boy must that feel good Barnes in the last two games 2 for 22
03:54,234.05,6.81,and he had missed his last 14 shots from the field inexcusably and inexplicably
04:01,240.86,6.72,they were not matched up on the side out of bounds James on the pull-up bounces
04:08,247.58,8.34,off hurry the rebound this place is deafening already bring up
04:16,255.92,4.70,top again Barnes Green for three
04:33,272.61,6.74,Irving on the drive pulls up shot bounces off the rim is hilly falls it in
04:40,280.49,5.65,Thompson for three morning adrenaline must be flowing right
04:46,286.14,7.71,now a pretty quick pace to start James guarded by Steph Curry with swinging in
04:54,293.85,8.31,the ball love can't hit rebound Tristan Thompson can't hold on warriors ball love the energy in this
05:02,302.16,6.33,building this crowd is as good as it gets we said the other night may have been
05:08,308.49,7.50,the lattice we heard Quicken Loans Arena this might be the loudest we've heard this building but on that drive James
05:16,315.99,6.68,versus courage don't drive to pass drive to score Seeley blocked by Thompson
05:23,322.67,9.04,terrific defensive play from Tristan Thompson who has been marvelous this series Kevin Love goes it is healing
05:32,331.71,7.95,misses love's tip won't go love takes it away from Mazzilli excellent second
05:40,339.66,5.28,effort from Kevin Love it's been a difficult series for love
05:45,344.94,6.33,had the concussion missed again came off the bench game on the return from the
05:51,351.27,3.38,concussion as Barnes drives
05:57,357.47,5.76,James goes that draymond Green bad pass intended for Thompson and the first
06:03,363.23,6.78,turnover of the game the coach talked about it as well a bran James got to put his head down and attack go look to
06:10,370.01,6.78,finish as opposed to going in looking to kick out make a play but Green did an outstanding job of leveling him off and
06:17,376.79,10.13,making it him go away from the basket topsis lazuli tips it the right to James
06:30,389.81,5.19,the cavalier offense the last couple of games have been so efficient as Kyrie
06:35,395.00,7.44,Irving nails that one in last two games they shot over 50% from the field that
06:42,402.44,6.33,that included Game five here in the victory at Oracle Arena and a timeout
06:49,408.77,6.42,called and this is good defense from klay Thompson did a great job by Steph Curry showing and getting back Thompson
06:55,415.19,6.95,does his job keeping them in front active hands contest that's just great offense by Kyrie Irving a spectacular
07:02,422.14,7.99,offensive weapons continue to have his way [Music]
07:16,435.95,5.56,the Gazala last year's finals MVP will guard LeBron James most of the Wayne's
07:22,441.51,5.37,when he's out there curry four to shoot finds a little room fires
07:27,446.88,2.78,hits a three
07:34,454.38,10.12,and you see for the first time Steve Carr gets his Ely out and he goes with that infamous small lineup they are
07:45,464.50,5.88,spitting Mazzilli gave them some good minutes to start the game as James goes
07:50,470.38,6.87,inside kicks it out to Irvin little fate two-point jumper that won't go rebound love haven't lost it and it's still
07:57,477.25,7.11,gonna be Cavs ball his dream on dream touch the glass I really like Kevin love's aggressiveness on the offensive board
08:04,484.36,6.75,that's what he's a lead at do what you're best at Green goes out to guard
08:11,491.11,9.06,junior Smith Smith drives to the basket layup is good he's mixed it up nicely
08:20,500.17,6.17,between his three-point shooting and some drives to the basket all five starters have scores for Cleveland
08:26,506.34,6.25,Lawrence tries again that's good basketball Mike that's very good
08:33,512.59,6.57,basketball good point making pull the Warriors those are shots that Steve Kerr will live with Barnes has been in a huge
08:39,519.16,5.94,struggle that's why the first three so important seat curtailing just go out rebound and defend everything will take
08:45,525.10,8.22,care of itself shot clock at six high and the second turnover by LeBron James who has really
08:53,533.32,6.87,kept his turnovers down and as you talked about at the top mark what he's done the past two games not just the 41
09:00,540.19,5.85,points but the overall play 82 points 24 rebounds and 18 assists in back-to-back
09:06,546.04,6.03,elimination games unbelievable numbers that last possession you could see the adjustment that the war is made sure
09:12,552.07,5.25,Curry gets on the Bron James but the double-team is coming quick ball touched
09:17,557.32,7.01,out of bounds along the baseline first turnover for Golden State as we listen to a Steve Kerr huddle
09:25,564.98,6.30,we just did a little bit of a rush which it's game seven we're all pumped up and everything no problem right but get the
09:31,571.28,6.57,Momo in the first few possessions we got it moving we got great stuff okay last couple we've taken some quick shot
09:38,577.85,7.17,keep it moving last two games they've shot just 36%
09:45,585.02,5.28,from the field and 40% it's the best offensive team in the NBA all season but
09:50,590.30,5.04,the Cavs have been superb defensively James taken away by draymond Green
09:55,595.34,6.95,[Applause]
10:02,602.29,5.08,Thompson the height advantage on Irving Jefferson goes to help Thompson able
10:07,607.37,2.42,attack
10:17,616.68,6.40,[Applause] Thompson guarding Irving down the other end he's been guarding all-star players
10:23,623.08,5.40,throughout these playoffs James fires away a three-pointer too strong draymond
10:28,628.48,5.07,Green grabs another curry got sloppy
10:34,633.55,6.89,with a dribble and Jefferson picks up the Aaron Paul James to Jefferson Jefferson goes right at draymond Green
10:40,640.44,7.00,how great has he been this series for a guy who was committed to Dallas and then
10:47,647.44,7.02,Dallas led him out of that commitment when James decided to go back to Cleveland just so impactful in this
10:54,654.46,6.75,series curry leans in can't hit rebound James again jr. Smith releases and lays
11:01,661.21,6.36,it in beautiful pass and Smith with the easy bucket and those are the shots that you cannot give up you're the Warriors
11:08,667.57,5.37,long shot but you must give back poor job getting back in transition
11:13,672.94,5.39,I thought curry got nudged from behind by junior Smith klay Thompson for three
11:18,678.33,5.62,that's their fourth three-pointer already four of nine from downtown and
11:24,683.95,6.54,Mike that's the action that gave him so many problems klay Thompson when he comes up he's never setting the screen
11:30,690.49,6.07,he slipped out it gives the switch problem gets the wide open look
11:37,696.56,5.41,[Applause] Marie helps out Smith pass right through
11:42,701.97,6.54,the hands of Perry James but two-handed slam Curie had that steel but it slipped
11:49,708.51,14.70,through his hands and LeBron James takes advantage Harrison Barnes not hesitant
12:03,723.21,9.51,at all too strong and Barnes is 1 for 4 James felt some contact missed the shot
12:13,732.72,7.38,picked up by curry Mary coming off his first career ejection in game 6 as
12:20,740.10,6.27,Barnes good look just can't get it to fall and he struggles with those a good
12:26,746.37,5.70,look those are quality trips on the offensive end if you're Harrison Barnes you got to continue to look to take and
12:32,752.07,6.36,make those shots timeout tyronn lue see the almost turnover the curry unable to
12:38,758.43,5.94,catch the basketball James just sees the rim in mama call of clay i'ma call him dunked on
12:44,764.37,7.67,big-time finish by James [Music] a chance for their first title in
12:52,772.04,5.79,franchise history not since Jim Brown and the Browns beat the Colts back in 64
12:58,777.83,5.28,and are also working to make NBA history no team ever in the finals of go back
13:03,783.11,10.86,from a 3-1 deficit in fact these Cavaliers only the third team to force a game 7 mega dolla
13:14,793.97,6.95,with the steal you can just see at least early the way he's moving so much better
13:21,800.92,7.12,than he did when he entered the back in Game six you can't turn the ball over like this against superior competition
13:28,808.04,7.62,curry very shell packed the curry corner three five three-pointers in the opening
13:36,815.66,6.18,period for Golden State for one thing playing with the Hall of Famer Reggie Miller I was in awe of his
13:42,821.84,5.64,ability to continue to move without the basketball that was a thing of beauty the way to express it at Steph Curry to
13:47,827.48,5.51,put on Kyrie relief to the fan Irving pulls up stops on a dime and banks it in
13:53,832.99,5.05,that's what klay Thompson said was so difficult about defending Irving his
13:58,838.04,7.08,ability to just stop on a dime as Kevin lob fouls Andy Varejao well
14:05,845.12,5.25,they run a little misdirection to get Irving in the pick-and-roll good balance
14:10,850.37,5.07,and banks at home this terrific defense
14:15,855.44,6.06,by Irving but right now listen Cleveland's within one but this is the
14:22,861.50,7.52,tough this is a tough time right now they've already given up five threes bringing the drive will a pan
14:30,869.65,5.39,and it have been more defensive mistakes than they've made in the last two games
14:35,875.04,9.25,their defense has been sensational in these last two Richard Jefferson goes at
14:44,884.29,5.21,Livingston Kevin Love the offensive rebound back up he's foul shot won't go
14:49,889.50,5.44,Steph Curry picks up his first mehran James getting the rest to the end
14:55,894.94,7.26,of the first Steph Curry and klay Thompson they're gonna need all the guys to make plays tonight draymond Green puts the ball on the deck attacks
15:02,902.20,5.10,Richard Jefferson got his mind made up you're Kyrie Irving you're in position
15:07,907.30,7.53,to help you have to come and put a body in front of draymond Green Curry who fouled out in Game six first time since
15:15,914.83,4.07,2013 that happened picks up his first
15:29,928.60,6.04,love misses the second even though it's the last game the NBA
15:35,934.64,5.04,has become a twelvemonth of year league always something going on and as curry
15:40,939.68,13.20,gets inside kicks it out big adalat rides a three way off and loves the rebound junior Smith long distance can
15:53,952.88,5.91,hit love another offensive board he's got six boards here on the first
15:59,958.79,6.00,gets inside block but foul by berry Chou and a very heaven love down low attack
16:05,964.79,6.12,Oh what coach talked about I love the energy of Kevin Love the start this ball game he's got his mind made up attacking
16:11,970.91,6.39,the offensive boards securing the basketball looking to be aggressive this is a flop like Varejao
16:17,977.30,5.43,good job by not calling it clearly contact the Kevin Love playing with great energy effort and enthusiasm
16:23,982.73,7.71,stocked his game he's averaging just over five rebounds a game in the finals he already has exceeded that here in the
16:30,990.44,7.11,first quarter and for those on the offensive end Mike he had 13 offensive rebounds and 13
16:38,997.55,5.82,rebounds in the first game 14 cents this is what he's got to get back to this is
16:43,1003.37,5.57,who he is well certainly the three-point shot the
16:49,1008.94,5.31,way the game has changed has caused him to change it but it's been so drastic it really has taken away a lot of his
16:54,1014.25,8.19,strengths but the things he was able to do him Minnesota he can still do today it's a mindset bearish out drives
17:02,1022.44,8.64,left-handed as he felt the bump and that's going to be never love second foul Andy Varejao of a former Cavalier
17:11,1031.08,5.88,traded this year a beloved figure in Cleveland for a long time well love's
17:17,1036.96,7.35,got him going away from the basket right here that's clearly a foul and you've just got to make him finish that you
17:24,1044.31,6.96,already have one foul you're too good and too valuable their jaw has not
17:31,1051.27,7.23,played a lot of minutes but he's had an impact in example Game seven in the Western Conference Finals against OKC he
17:39,1058.50,5.70,had about a two-minute stretch we really helped turn things around in that victory and that advanced them to the
17:44,1064.20,5.73,finals he was disappointed he was traded traded to Portland let go and then
17:50,1069.93,5.64,signed by Golden State his wonderful Bron James favorite teammates in his
17:56,1075.57,6.45,career in Cleveland at 11 and a half years with the Cavaliers love another
18:02,1082.02,6.08,rebound when we see Bob Olsen to close out this quarter for Steph Curry the guy to gave
18:08,1088.10,6.75,up a lot of quality minutes in this series two-speed current warriors it was about a second and a half difference
18:15,1094.85,6.24,between the shot clock and game clock Barbosa picks up James James goes right
18:21,1101.09,7.05,at him and draws the foul and James will shoot his first free throws of the night raises his arm as he walked past a
18:28,1108.14,5.76,couple of the Warriors and to me coach in doing the warrior you're doing the Cavs a favor
18:34,1113.90,5.04,if you're switching Barbosa a curry or any of the small gods on LeBron James is
18:39,1118.94,6.48,too easy I'd much rather have dream on green on doing it now on defending a
18:45,1125.42,7.47,little small contact but this is game 7 you can live with that but I'd rather have those guys staying connected to LeBron yeah I agreed that the switch of
18:53,1132.89,6.42,the small unto him whether it's curry or Barbosa he can eat just too overpowering
18:59,1139.31,7.26,keep your size on him and this times
19:07,1146.57,5.40,when you have to but in this situation if we Dalek it it went underneath the screen and got back to the body of James
19:12,1151.97,5.25,once he sees ball bowl saw curry oh no his mind is made up to attack and force
19:17,1157.22,3.47,help I'll make a play at the rim
19:23,1162.63,6.69,ahran sits down marreese Speights will check in for the first time and Mike this is where Shumpert and the Cavs
19:29,1169.32,8.78,can't make a mistake Curry's too good late quarter you've got to make the ball go to somebody else other than curry
19:40,1179.72,5.62,James hits affair final seconds curry tied up to the
19:45,1185.34,7.17,adalat not gonna get it off in time that will not count and the first quarter comes to an end
19:53,1192.51,7.08,that's terrific defense right there Mike meanwhile LeBron James six point six
19:60,1199.59,6.87,boards and three assists already the Golden State finding the mark from downtown live at five threes two of them
20:06,1206.46,6.49,from Steph Curry after one Cavs by one [Music]
20:13,1212.95,6.63,your defense the last two games has put you in this position but they made five threes how problematic are those but we
20:20,1219.58,6.84,got to be a little bit between us which is what we're doing defensively I don't think we're executing this as how the level we need to so we've gotta clean up
20:26,1226.42,5.97,a few things defensively but we'll be okay LeBron James affecting the game in all kinds of ways but three early turnovers
20:32,1232.39,5.91,what were those our product up just not being aggressive attacking no trying to think the game just play the game
20:38,1238.30,6.03,I think he's overthinking this got to be aggressive attack the bastard thank you John Livingston the jumper Thank You Doris
20:44,1244.33,6.66,well James is played in obviously so many big games and he's going to play in so many more but you can make a case
20:51,1250.99,6.45,that this is the most important game of his career Jefferson gets inside nice
20:57,1257.44,6.75,fake blocked by Speights picked up by Jefferson throws it back out shut with shot clock did not reset Shumpert off
21:04,1264.19,6.36,the mark space rips down the rebound here comes Iguodala Mo Williams has come
21:11,1270.55,5.73,on here for Cleveland and a ball kicked by Shumpert Thompson tried to go back
21:16,1276.28,5.40,door warriors ball and you see the
21:22,1281.68,7.26,team's trying to figure out how to defend each other James matched up with mo Speights trying to take away his
21:29,1288.94,5.31,ability to pick and pop and Tristan Thompson on draymond Green trying to make sure he's able to defend the
21:34,1294.25,5.19,pick-and-roll and an offensive foul called on draymond Green or is it on
21:39,1299.44,8.54,Thompson he's actually on klay Thompson pushing off the launch help it to get open klay Thompson picks up his first
21:51,1310.61,7.24,there's Williams three-pointer Mo Williams too strong Speights another rebound it's just two on aggressive
21:58,1317.85,5.21,offensively trying to orchestrate too many things
22:03,1323.18,6.94,Livingston shoots over mole Williams not that time rebounding numbers plus eight
22:10,1330.12,5.37,for Cleveland James drives him hard nice adjustment with the left hand
22:15,1335.49,7.31,[Applause] eight points now for James
22:28,1347.57,7.25,Green with Chum perd√≥name and a foul call on Tristan Thompson
22:38,1357.80,6.43,again don't over think as tyloo said at the quarter break attack a great use of
22:44,1364.23,5.85,slithering by the help defender and a beautiful left hand finish my mistake
22:50,1370.08,8.88,that foul on mo Williams's Green Drive left-handed too strong Speights with the tip won't go tips in a second time green
22:59,1378.96,14.28,and never reestablished back in might when he tucked the ball so considered out of bounds very close though Green
23:13,1393.24,7.65,did not argue officiating crew Danny Crawford Monty McCutchen and Mike Callahan combined they've worked 66
23:21,1400.89,7.38,Finals games this is one of the most experienced group Malik can add James drives misses that one klay Thompson the
23:28,1408.27,6.78,rebound Thompson long distance space and
23:35,1415.05,6.06,a loose ball foul called against the Cavaliers in like we talked about the
23:41,1421.11,6.80,energy of Kevin Love mo Speights has brought that same presence off the bench for the warrior attacking the board's
23:48,1427.91,5.38,defending with the purpose about this shot goes up clearly a push in the back
23:53,1433.29,6.69,by Tristan Thompson second tile on Thompson huge foul because now remember he switches out on
23:60,1439.98,6.42,a lot of these guards they put it on the ground and attacked Livingston gets rid
24:06,1446.40,4.97,of Jefferson with a fake but can't hit the follow off the glass
24:19,1458.58,6.00,we've already had seven lead changes in four ties mo Williams the drive unable
24:25,1464.58,6.06,to finish green leading the break greens pass stolen by James and Mo Williams all
24:31,1470.64,6.84,alone LeBron James had four steals in Game six three in Game five and that one
24:37,1477.48,9.63,leads to an easy bucket you may be able to deflect that but who can catch it out of the air LeBron James asked and
24:47,1487.11,6.51,answered his defense also a big part of his unbelievable performance in these
24:54,1493.62,5.73,finals has draymond Green knocks down the three much more confident and
24:59,1499.35,5.22,comfortable than he was in Game six he
25:05,1504.57,7.35,had missed 12 straight threes coming into the game so he was too tentative coming back after being suspended for
25:12,1511.92,7.50,Game five Speights on Shepard shot clock at five Shumpert the drive kicks it out
25:19,1519.42,3.80,Williams and Williams was out of bounds
25:26,1526.19,8.89,timeout great read by LeBron James Nick Anna off
25:35,1535.08,5.43,a dream on green pass a minute touch pass to Bo Williams for the easy layup
25:41,1540.51,5.01,and green giving him space no hesitation
25:46,1545.52,6.58,knocks in the three 2.4 your leader [Music]
25:52,1552.10,5.84,[Applause]
26:03,1563.11,9.02,Iguodala Livingston green Thompson and space greens jumper
26:13,1573.12,7.42,name's looking to push at every opportunity back up top to Kevin Love straight on three mega dolla the rebound
26:21,1580.54,6.54,there now old four seven from three-point range Golden State 6-4 thirteen I like the
26:27,1587.08,6.54,mindset though getting stops and pushing the basketball that's where they're gonna get better offense if you're the Cavs against this outstanding tutoria
26:34,1593.62,6.11,defensive team Speights poked out of bounds
26:40,1599.73,7.02,Iguodala deflected it but it looked like it may have touched one of the Cavs so the officials are going to get together
26:47,1606.75,6.49,Mike Callahan says the other way never
26:53,1613.24,6.51,touch Livingston it was all verbing good teamwork by the reps that's not easy to
26:60,1619.75,7.65,see either sometimes and it's rare but sometimes the official furthest away as an angle is the play can eat up the
27:07,1627.40,6.21,official close to the play and McCutchen checking with Callahan low a new 24 for
27:14,1633.61,5.28,Golden State and these baseline out of bounds plays are tough to defend you
27:19,1638.89,7.71,have to be alert and aware with discipline curry back in Thompson off the screen 3-pointer way off and Irving
27:27,1646.60,6.39,comes away and to me this is the dangerous lineup against LeBron James with nobody's the ability to block shots
27:33,1652.99,7.95,in the paint I'll protect the rim he turns the corner a green defending him it's all smalls helping ball is
27:41,1660.94,4.37,deflected 16 to shoot for Cleveland
27:46,1666.16,9.19,[Applause] Jr Smith good clean look love and a foul
27:55,1675.35,5.43,ball on Harrison Barnes down low trying to hold off Kevin Love who's been a beast on the boards here in the first
28:01,1680.78,6.78,half and that was great out of bounds execution by the Cavs to get a wide-open
28:08,1687.56,5.73,jr. Smith three and this is what Kevin Love was not doing previously he was not
28:13,1693.29,9.63,getting from the perimeter to the board as the shot was taken curving looking
28:23,1702.92,7.50,for James picked by Green so though we set the shot clock to 14 [Applause]
28:30,1710.42,6.41,[Music] [Applause]
28:37,1716.83,7.08,green guarding James now Thompson picks them up on a switch names behind the
28:44,1723.91,5.13,back kicks it out Shepard Shumpert counted and one chance for a four-point
28:49,1729.04,10.23,play Iman Shumpert from downtown their first three-pointer of this game it's
28:59,1739.27,6.63,just a great fine by James jumping wide open jump shot good contest by Livingston clearly gets them on the
29:06,1745.90,5.37,right on something with a big shot in that corner jumper just three of 12 from
29:11,1751.27,8.58,downtown on these finals and it completes the four-point play the Cavs go back up by two five minutes gone by
29:20,1759.85,6.54,here in the second curry gets it from Green gets away from Shepherd layup
29:26,1766.39,6.08,[Applause] Marie got hit got the bounce and a
29:32,1772.47,8.11,chance for a three-point play cannot make mistakes on Steph Curry
29:41,1780.58,5.95,James misses a help late help by Irving
29:47,1786.53,5.13,no help by love and then an unwise found by Shumpert
29:52,1791.66,5.67,Irving with his first foul the last game
29:57,1797.33,5.10,said in the curry played was Game seven against Oklahoma City he had 36 points
30:02,1802.43,5.45,and eight assists in that one he's got nine so far tonight
30:09,1808.74,7.52,[Applause] Irving drives and curry reach-in picks
30:16,1816.26,5.10,up his second he's had some foul difficulties not just in Game six when
30:21,1821.36,5.25,he fouled out but in some other ones he said that was his number one focus to start the game don't get in foul trouble
30:27,1826.61,7.41,and his clearly contact he uses the hands on the body of Kyrie Irving that's a foul he's got to be smarter and Trust
30:34,1834.02,6.42,the help behind him is the other guy's responsibility Irving tough fall away shot hits the
30:40,1840.44,8.25,side on the backboard James offensive rebound block ball knocked loose picked up by Green Thompson floats in ahead to
30:49,1848.69,6.42,Livingston off of his leg lost it fifth turnover for Golden State James drives
30:55,1855.11,4.91,curry has to get out of the way and James gets the friendly roll
31:02,1862.34,8.29,James the first Cavalier in double figures with 10 Thompson drives back up
31:11,1870.63,7.62,top green sets for three got it he's three for three from downtown like
31:18,1878.25,6.33,there's certain guys that you were about in Game seven draymond Green is an ultimate competitor he is not afraid of
31:25,1884.58,6.09,the moment whistle offensive foul JR
31:31,1890.67,7.99,Smith and a timeout fall with 543 remaining
31:39,1898.66,7.98,Smith trying to get an explanation but Monty McCutchen was not the official to call this cjr Smith tied up with Steph
31:47,1906.64,6.54,Curry he goes down the right call then
31:53,1913.18,5.28,on the other end draymond Green continuing to step in rhythm good play by klay Thompson you
31:58,1918.46,6.33,work on that every single day to drive and kick steps in rhythm knocks down to jump the
32:05,1924.79,5.34,total number from James who his numbers but he's put up in the finals last year
32:10,1930.13,6.06,against the Warriors and the first six games this year absolutely incredible Thompson can't connect Shumpert the
32:16,1936.19,5.25,rebound Marichal back ends with Iguodala Thompson curry and green
32:21,1941.44,6.40,[Applause]
32:28,1947.84,5.26,starting five out there right now for the cast shot clock down to seven Irving
32:33,1953.10,6.24,sets for three short rebound knocked out of Chopra's hands Iguodala curry tries
32:39,1959.34,7.41,again left-handed blocked by James rejected out of bounds he's done that a couple of times in these finals and the
32:47,1966.75,5.57,two of them have some words Shumpert getting involved
32:53,1973.47,7.29,one of the blocks in Game six at James block curry and then looked out on the net some things to say
33:05,1985.31,6.07,you see the track down by LeBron it's big time defensive play since you know
33:11,1991.38,6.24,my work remember me Thompson drives on love gets past layup
33:18,1997.62,7.22,short rebounding a dollar man Topsail reset curry for three
33:25,2004.84,6.73,JR Smith runs it down and we're the Cavs were so effective in the previous game
33:32,2011.57,6.29,was creating matchups by pick-and-roll the Warriors have done a very good job making the adjustments defensively
33:38,2017.86,6.60,[Applause] Cleveland's just too slow getting into their stuff right now
33:44,2024.46,5.77,Irving drives into the lane layup rolls around and drops in Irving's third field
33:50,2030.23,5.76,goal he's been averaging over 27 a game including the last time he was on this
33:56,2035.99,5.84,floor when he had 41 in Game five [Applause]
34:02,2041.83,10.99, dolla pass deflected Green tries another three draymond Green 4 for 4 from downtown he
34:13,2052.82,5.34,admits his previous 10 coming in the game 7 Irving off the glass and one
34:18,2058.16,9.36,gorgeous move from Kyrie Irving and a chance for a three-point play the coach
34:28,2067.52,6.21,talked about it you put yourself in position to be affected by playing with pace pushing a basketball on the up the
34:34,2073.73,8.49,floor creates this opportunity and angle for Ervin to get the finish and the contact spectacular play play Thompson
34:42,2082.22,6.34,picks up his second foul so Thompson and curry each with two and there's the fan fest outside Quicken
34:49,2088.56,10.05,Loans Arena what a performance so far by draymond Green no Mike I mean to have 16
34:59,2098.61,6.09,4 rebounds and 5 assists already what a performance all tied up just under four
35:05,2104.70,5.76,to play here in the second he said he let his teammates down with
35:10,2110.46,6.99,the suspension in game 5 did not play particularly well in game 6 and it's not lending it running them down here in the
35:17,2117.45,5.46,first half of game 7 he was their
35:23,2122.91,7.17,leading assist man all season sixth in the entire NBA gets it back green for
35:30,2130.08,2.24,Trey
35:36,2135.60,9.39,five four five [Applause]
35:45,2144.99,6.75,James on the drive lap count ahead 1 LeBron James another attack of the
35:52,2151.74,5.36,basket and he's got a free throw coming up [Applause]
35:57,2157.10,6.85,well good show by curry and then James with a little shake and attack takes on
36:04,2163.95,6.03,the contact and at the other end again confusion with the movement once the
36:10,2169.98,6.75,ball goes into the post if I'm Cleveland the first thing I'm going to try to do is get around in front of the post more so they can't
36:17,2176.73,5.79,just throw it in there and start their split action but also on the action LeBron James looking at Shumpert saying
36:23,2182.52,6.66,you got to talk come on Shumpert that's your fault that was LeBron James fault why draymond Green got open on that last play green
36:29,2189.18,10.56,the rebound that foul is on Iguodala his first big addala fakes shut off
36:40,2199.74,5.58,nicely by Jefferson Barbosa shot blocked by James Barbosa goes crashing to the
36:45,2205.32,6.75,ground here's Irving finds James as a trailer throw it behind flips and a Shepherd in
36:52,2212.07,7.60,and out and green grabs another rebound [Applause]
36:60,2219.67,6.26,Thompson for three and jr. Smith able to get it
37:06,2225.93,5.02,[Applause]
37:11,2230.95,8.28,Irving can't connect three-point shooting nine for Golden State just one
37:19,2239.23,3.92,of 12 from that distance for Cleveland
37:25,2245.49,5.11,Green looking to post-up jr. Smith makes
37:31,2250.60,7.28,his quick move stops underneath last ice good twenty-one points for draymond Green
37:38,2257.88,2.93,here in the first half
37:45,2265.35,5.95,the 2016 finals it is about time because the Warriors have decided to go green
37:51,2271.30,5.43,with draymond Green that is spectacular first half having his way along the
37:57,2276.73,19.17,three-point line and also on the post room grown man move completes the
38:16,2295.90,5.40,three-point play 22 now for draymond Green the four-point lead
38:21,2301.30,9.60,is the largest by either team both have led by four at one point here in the first half turn over legged Allen almost
38:31,2310.90,8.18,double dribble pass inside Thompson out to Barbosa much ahead
38:42,2321.66,6.20,ten three-pointers for Golden State largest lead of the half
38:56,2336.17,6.69,Shepard out to Smith jr. Smith chased off the line and fires and misses rebound Tech by Thompson football Bosa
39:03,2342.86,6.27,can't hold on and a Cavalier is getting a new 24 the other calves you got to do
39:09,2349.13,5.31,a better job taking care of basketball but I love to play by klay Thompson we saw the dribble penetration making a
39:14,2354.44,8.06,play for draymond Green that time to cut and the touch pass the beautiful touch pass to Bob Olsen to call
39:27,2366.64,5.66,urban tries again Agudelo once again knocks it away in a health all the
39:32,2372.30,6.48,amazing hands of huh traded Allah with deflections and steals
39:41,2381.09,5.33,it's going to be hard to get quality shots in that tied up window against a
39:46,2386.42,6.31,great defender like Iguodala good hustle by both Irving and green and obviously
39:53,2392.73,9.23,right now a big one 35 for Cleveland trying to stay close Green wins the tip
40:06,2405.85,5.12,Barbossa had a 14-point game in Game six
40:11,2410.97,6.10,as helped here off the bench curry from way down town Richard Jefferson tracks
40:17,2417.07,5.78,it down [Applause]
40:24,2424.12,5.94,that's going to be the third foul on Steph Curry
40:32,2431.73,13.32,seekers not going to take any chances with 109 remaining [Applause]
40:45,2445.05,6.72,I thought he had good legal guarding position when Shumpert ran into him both
40:52,2451.77,5.61,Larry and her were fined by the NBA 25 grand after complaints about officiating
40:57,2457.38,4.31,in Game six when curry fouled out
41:04,2464.29,5.19,if it looked like shuffle initiated the contact as mote waves comes in and curry
41:09,2469.48,5.52,will sit down but either way I agree
41:15,2475.00,5.55,with the decision by speaker to take Steph Curry out of the ballgame three fouls with a little over a minute to go
41:21,2480.55,9.54,in this half you do not want him to pick up his fourth Livingston comes in on the anti ref chant in full throat fives tyloo I'd
41:30,2490.09,5.96,also be thinking about Kevin Love more right now I know this is a tough lineup
41:36,2496.05,7.38,but he gives you a weapon on offense because he gives you second-chance opportunities
41:48,2508.34,5.52,model minute here the first and biggest Allah little post up holes need without
41:54,2513.86,6.21,upset telling klay Thompson get out of the way when I have the smaller Kyrie Irving on me get out of my way and allow
42:00,2520.07,7.50,me to work his first field goal good
42:08,2527.57,6.00,ball denial from the Warriors Jefferson back up top Livingston picks up James
42:14,2533.57,8.27,with six to shoot James pulls back the contested three too strong at the dala this fourth rebound
42:36,2555.70,7.05,five on the 24 Livingston tied up down to two Livingston the pull-up jumper and
42:43,2562.75,5.10,Jefferson the rebound final seconds James throws it head knocked away picked
42:48,2567.85,5.15,up ball loose on the first half comes to an end
42:53,2573.00,7.36,draymond Green sensational with 22 points 5 of 5 from three-point range six
43:00,2580.36,6.66,rebounds and five assists LeBron James a strong first half with 12
43:07,2587.02,8.31,8 and 5 but Cleveland just 1 of 14 from downtown while Golden State is 10 for 21
43:15,2595.33,5.58,it's the first two games here at Oracle they struggled to get to 40% shooting
43:21,2600.91,7.17,but they had seemed to find a great rhythm the past couple of games as we check in with DB Doris Mike guy as tyloo
43:28,2608.08,5.40,about the 10 threes given up specifically the five by draymond Green he said listen those of the guys were
43:33,2613.48,5.37,going to concede them too it would be dream on but we can't give him full dare shops we've got to be closer and have a
43:39,2618.85,7.02,hand up I asked him about why he went away from Tristan Thompson and Kevin Love he said they both got a couple of fouls he said
43:46,2625.87,6.84,I didn't want them picking up the 3rd have changed the equation here in the second half on the offensive end he said too many turnovers too many lazy passes
43:53,2632.71,5.19,Mike Ozzie Lee gets inside Thank You Doris well defended by Thompson Festus
43:58,2637.90,5.04,Ezeli who started the game his first start of the playoffs and played six
44:03,2642.94,5.97,minutes JR Smith will hand that his face nails that 2 pointer oh my god
44:09,2648.91,5.61,understand what tyloo told Doris if I'm over there I'm
44:15,2654.52,5.07,not going down with Mo Williams in Devon shuffled with all due respect Tristan Thompson has played outstanding
44:20,2659.59,6.66,they need his presence before being a nosy li with the foul as draymond Green little heat check there
44:26,2666.25,7.77,from well beyond the arc misses his first three-pointer of the night but I concur with what Mark said love has
44:34,2674.02,5.85,started off great Thompson has been an integral part of your rebounding
44:40,2679.87,6.90,advantage listen you got to go down with these guys Thompson nice soft touch that
44:47,2686.77,7.73,time using the left hand and Tristan Thompson his second field goal it's quickly back to three
44:56,2695.99,8.04,another three-pointer 11 now for Golden State play Thompson with his second you
45:04,2704.03,5.13,got to be committed defense that's good offense that's what the Warriors have been doing all year long got to keep a
45:09,2709.16,5.83,body on the old guy Irving shake and bake his shot misses draymond Green this seventh rebound
45:15,2714.99,6.38,[Applause] Thompson trying to get away from Kevin
45:21,2721.37,5.58,Love stops pulls up rattles home klay
45:27,2726.95,6.93,Thompson was 2 for 9 in the first half but he had some quality looks and this
45:34,2733.88,6.86,the largest lead of the night so far [Applause]
45:41,2740.74,6.19,game on green playing back well off LeBron James hurry with the 3,000 some
45:47,2746.93,7.35,up Jr sit tries another three that's good JR Smith with a couple of buckets here to begin the third of your warriors
45:54,2754.28,6.30,you can't overreact that's good defense forced them to make a tough shot just their second three-pointer of the game
46:01,2760.58,5.75,Barnes jumper as he Lee banks it off the backboard and love comes up with it
46:06,2766.33,5.89,here's Irving and a foul called Barnes
46:12,2772.22,6.36,his second but they've been so successful in putting Steph Curry in a pick and roll they switched
46:19,2778.58,6.90,communication poor that's a good contest getting back into the pitcher just a big time shot by Smith Jairus mythus had
46:25,2785.48,6.15,some good first half's but he's been quiet in many of the second half's good start here in the third for the
46:32,2791.63,6.90,Cavaliers from Smith curry with the three fouls James passes it off Smith another three
46:39,2798.53,5.43,that's good JR Smith back-to-back threes and eight points here to start the third
46:44,2803.96,5.73,quarter but great flare screen set by Kyrie Irving to help him to get just
46:50,2809.69,6.26,enough space for that jumper stream on green
46:57,2817.25,7.05,Thompson back to green deflected ball knocked loose picked up by Thompson and a turnover
47:07,2827.24,5.20,two-point lead for Golden State three minutes gone by here in the third here's
47:12,2832.44,9.26,what you can't have Festus Ezeli defending Kyrie Irving Irving drives and finishes and a quick
47:22,2841.70,5.52,timeout from Steve firm after Golden State had opened up their largest lead
47:27,2847.22,6.36,the Cavaliers rattle off eight straight as a recipe for disaster you got to get back and then communicate defend your
47:34,2853.58,6.21,man you can't have a Senate in as Ely defending Kyrie Irving who's he's too skilled for gods he's gonna get this
47:40,2859.79,6.16,spot and the beautiful finish with the left hand [Music]
47:46,2865.95,6.39,all tied up Game seven of the finals as jr. Smith has come alive eight of his 12
47:52,2872.34,5.40,here in the first three plus minutes of a third quarter
47:59,2878.73,5.25,niggath Allison as is Anderson Varejao
48:04,2883.98,6.72,palcohol is going to go against Cleveland LA to contact as they were fighting through screens
48:12,2892.09,5.53,Jr Smith is third it's a tough play Josh
48:18,2897.62,5.45,Smith putting the body in the Steph Curry clearly contact
48:30,2910.18,7.15,Kyrie Irving we talked about his outfits he's done a very solid job whole series when guarding Steph Curry Thompson gets
48:37,2917.33,5.49,away and mrs. Irving the long rebound three on one Smith frozen up blocked by
48:43,2922.82,5.75,curry that comes curry the other way two on one curry the drive and the finish
48:49,2928.57,5.44,what a sensational defensive play and the hustle get back to break up the
48:54,2934.01,6.78,alley-oop huge play by Steph Curry that's a big swing got a dump full LeBron James forces the turnover and
49:01,2940.79,6.75,then in transition fish Smith drives poked away again by curry curry throws
49:08,2947.54,10.11,it ahead to Thompson Thompson pass deflected and picked up by Irving good hands from LeBron James James hangs on
49:18,2957.65,5.07,to that pivot foot and his jump shot is off loose ball foul is going to go
49:23,2962.72,6.28,against Tristan Thompson and that's his third [Applause]
49:29,2969.00,7.74,just great awareness from curry we saw highlights with John Smith made this play in the previous game active hands
49:37,2976.74,6.18,comes up with the deflection and then attacks the body of Kevin Love don't messing around eliminates his ability to
49:43,2982.92,9.08,block the shot curry off the curl pets afraid timeout Cleveland
50:01,3001.09,8.32,the ability to work off of screens get balanced and raise up from behind the
50:09,3009.41,7.64,three an absolute thing of beauty courage gives the Warriors a five-point
50:17,3017.05,6.66,lead Steph Curry now with 14 points and four rebounds he's five of 10 from the
50:24,3023.71,8.16,field the cavaliers overall have done a tremendous job on curry during his finals as curry tries to knock it away
50:32,3031.87,6.11,from James but curry with some fine defensive plays here in the third quarter
50:38,3037.98,5.65,curry tries to deny James gets it shot clock winding down in to love and love
50:44,3043.63,5.37,lays it in as the shot clock expires 9
50:49,3049.00,12.79,assists now for LeBron James [Applause]
51:02,3061.79,6.72,marichal off to Koreans draymond green inside Varejao knocked out of his hands
51:09,3068.51,6.72,he thought he was hit here comes James the other way James spins drives and
51:15,3075.23,9.14,hammered as he goes to the basket he'll shoot two Andy Varejao still complaining
51:24,3084.37,6.88,it's a beautiful look by draymond Green and looks like a very nice play by Kyrie
51:31,3091.25,6.64,Irving to pop the ball loose [Applause]
51:39,3098.70,5.99, dollar his second foul on the rate of part of game sevens and
51:45,3104.69,6.81,playoffs in general is the coaches ability to read and react I thought that was an outstanding timeout fight I loo
51:52,3111.50,6.24,all the momentum going towards the Warriors Steph Curry establishing a rhythm making plays the crowd going
51:58,3117.74,7.44,crazy he stops the momentum and gives his team a chance to regroup James it's
52:05,3125.18,5.49,a pair we've already had 13 lead change in this
52:11,3130.67,6.63,game and a final series that has not had very many close games really none going
52:17,3137.30,6.12,down to the wire here comes curry inside Varejao stolen by love Irving goes at
52:23,3143.42,5.07,draymond Green drives layup it's good beautiful move from Kyrie Irving and
52:28,3148.49,6.30,Cleveland regains the lead such a great finisher in the open court can go off
52:35,3154.79,4.52,either foot and finish with either hands
52:41,3161.28,6.57,Thompson inside broken up by JR Smith and it's still Golden State ball they'll
52:48,3167.85,9.02,have seven to shoot I mean this is just a thing of beauty wrong-footed just
52:57,3176.87,6.78,exquisite in the open floor 13 points for Kyrie Irving 7 on the 24
53:04,3183.65,6.40,JR Smith right up on top of klay Thompson niggath Allen has to put it up
53:10,3190.05,5.34,just gets it off in time and barely grazes the rim Kevin Love meanwhile with
53:15,3195.39,6.57,his 11th rebound of the game and I'm Kyrie Irving I'm thinking attack Steph Curry right now dribbles it off the foot
53:22,3201.96,6.57,was it off Curry's foot or Irving myname a kitchen staying off of Murray's foot
53:29,3208.53,3.98,long a kickball I believe Mike
53:37,3217.32,6.39,it should be Cleveland ball was off Curry's foot unless it touch that back heel of Irving is that when Patty's call
53:44,3223.71,8.76,and he kept the call to kick ball though so it stopped before it went out of bounds James jump shot take it away by
53:52,3232.47,6.27,Irving the following missed it Kevin Love has it knocked out of his hands and a loose ball is going to go against
53:59,3238.74,5.37,Golden State and right now the Warriors
54:04,3244.11,6.34,have got to begin to chase down loose basketballs too many 5050 balls are going the way of the Cavs
54:10,3250.45,5.97,[Applause]
54:16,3256.42,6.24,and LeBron James has yet to make a jump shot from any range last couple of games
54:23,3262.66,9.27,his jump shot has been huge for him Junior Smith steps back misses rebound knocked loose and it's warriors ball but
54:32,3271.93,5.40,that's a shot they're gonna be able to get the way the Warriors are defending with Steph Curry showing Terrell Smith
54:37,3277.33,6.77,got to be ready to take and make those house and not be afraid to put it on the ground either
54:47,3286.72,6.66,are we looking for a screen marichal sets that gets a good look from three draymond Green trying to get it knocked
54:53,3293.38,6.12,out of bounds last touched by Irving Cavaliers arguing but it's called Golden
54:60,3299.50,7.49,State ball they got away because this was bad defense for good job by draymond Green getting back into the pitcher
55:07,3306.99,10.06,tough to tell but the Warriors have the basketball in English klay Thompson
55:17,3317.05,6.95,catches fires too strong rebound James [Applause]
55:24,3324.00,6.55,eight rebounds for LeBron James Irving the crossover gets into the paint running shot blocked with a foul
55:31,3330.55,5.40,Thompson blocked it with Varejao call for the block and free throws for Kyrie
55:36,3335.95,6.78,Irving coach what we've seen in the past a steady diet of high pick and rolls with the five man for the Warriors
55:43,3342.73,4.28,allowing these permit of guys to go downhill
55:48,3347.79,6.34,Varejao is third foul and that's a good call as Irving's going in his upward
55:54,3354.13,7.13,motion Varejao is not yet set in legal guarding position
56:13,3372.70,10.93,[Applause]
56:24,3383.63,5.88,loves bumps curry curry pass deflected and stolen here comes Irving Irving
56:30,3389.51,6.66,drives pass green the pow Schatz bud and one go on a sweet move from Kyrie Irving
56:36,3396.17,6.35,and the Cavaliers with their largest lead of the night [Applause]
56:43,3402.52,6.34,Kayla's basketball my Korean to pick a road good job by Kevin Love and then the active hands to come up with eternal and
56:49,3408.86,6.63,uncle drew putting on a clinic in this third quarter takes the contact how about the beautiful finish with the left
56:55,3415.49,8.96,hand my goodness spectacular eight of his 17 points here in this third period
57:05,3424.60,6.46,Green picks up his first foul since that time out you spoke of mark ten straight
57:11,3431.06,6.72,points by Cleveland I'm jealous that left-handed shot in 17 years playing in the league I took one left-handed shot it was a
57:18,3437.78,5.16,dare from a coach by the name of Jeff Van Gundy did you make that one yes I
57:23,3442.94,6.57,did yes you did Faton a thousand lefty on 11 all run the Cavaliers with a
57:30,3449.51,6.99,six-point advantage it's been a 14-point turnaround here on the third Golden State led by as many as eight now it's
57:37,3456.50,6.29,65 fifty-nine and Kyrie Irving sending the fans back in Cleveland
57:43,3462.96,6.93,into a French's [Music]
57:50,3469.89,5.50,platelet sports fans have waited a long time since Jim Brown and the Cleveland
57:55,3475.39,6.72,Browns defeated the Colts December 27th 1964 and the Cavaliers in their forty
58:02,3482.11,6.18,five seasons in the NBA still looking for their first title with 433 remaining
58:08,3488.29,5.10,third quarter of Game seven of the NBA Finals they have a six-point lead and
58:13,3493.39,6.93,guys we talked about this the other night the Warriors again the highest scoring team in the NBA in the past 24
58:20,3500.32,5.43,years yet once again they're shooting 39% is that the Cavaliers strategy is it
58:26,3505.75,6.77,the personnel wive they're so effective and making it difficult to scores Barnes gets inside
58:33,3512.69,6.39,that's good execution out of the timeout but to me you've got to be disciplined against the Warriors defense Lee to give
58:39,3519.08,5.73,yourselves a chance they've been taken and making tough shots all season long Mike and they've gone through a drought
58:45,3524.81,7.35,but you also have to give credit to the Cleveland Cavaliers defense I was born second field goal Kyrie Irving knocks
58:52,3532.16,5.64,down a three Irving having a huge third quarter 12 of
58:58,3537.80,10.86,his 21 that's his first three-pointer and a lead is up to 7 [Applause]
59:09,3548.66,6.51,Tristan Thompson is on Steph Curry Barnes guarded by Irving gets inside and
59:15,3555.17,5.40,his foul free-throw disparity is pretty big 16 attempts for Cleveland only four
59:21,3560.57,8.04,for Golden State again the crossover the screen gets some
59:29,3568.61,5.43,space raises up knocks it in but it shows you the difference if Steph
59:34,3574.04,5.64,Curry's coming off and that draymond Green defense Lee would be up he's puzzled Tyrese urban ability to get to
59:40,3579.68,5.49,the paint you got to give him a little bit of room elevates and makes the right play and I'll be surprised Mike if
59:45,3585.17,6.33,Golden State goes back to playing either as Ely or Varejao this has been their
59:52,3591.50,5.52,best chance five smaller guys and now the question is can love and Thompson
59:57,3597.02,5.43,stay on the floor defensively Thompson
60:02,3602.45,2.90,on Irving
60:08,3608.22,5.91,Irving looking for that opening green picks him up tries to find Tristan Thompson Tristan Thompson downloads
60:14,3614.13,8.34,struggled and he got bumped by green and they're in the penalty so Tristan Thompson will shoot to second foul on
60:22,3622.47,6.72,draymond Green Mike remember the struggles Tristan Thompson has gone
60:29,3629.19,8.22,through in the finals from the free-throw line a little bit better last game overall just 50% when you see the
60:37,3637.41,8.55,13 of 26 calmly knocks it down what a game he had in Game six 15 points and 16
60:46,3645.96,5.70,rebounds had that old for five in Game
60:52,3651.66,5.13,four and then the Miz six more in Game five but last couple of games much
60:57,3656.79,10.14,better [Applause] and it's a pair their score here in this
61:07,3666.93,11.55,third quarter 28:14 in favor of Cleveland they lead by seven with just over three to play green
61:18,3678.48,7.68,draws the foul on James LeBron James picks up his first a smart
61:26,3686.16,8.09,play by draymond Green realizing he's being defended up close by LeBron James the swing move
61:34,3694.25,7.07,contact [Applause] they often pull that out of bounds and a
61:41,3701.32,5.61,side-to-side swipe Greene tried to go up as quickly as possible warriors get the benefit of the doubt on
61:47,3706.93,5.10,that one and free throws for Greene that's his first point to the third
61:52,3712.03,5.28,quarter after 22 in the first half every one of these calls will be so
61:57,3717.31,7.80,scrutinized you're at seven you've got a good defensive sequence get going on ball pressure beyond the three it looks
62:05,3725.11,10.92,dead and that could have easily not been called as well draymond Green who was
62:16,3736.03,13.59,second in the NBA and triple doubles during the regular season with 13 milori errs record he's got 24 7 and 6 and hits
62:30,3749.62,13.59,all three the lead for Cleveland cut to 4 [Applause]
62:43,3763.21,5.11,gets away now green picks them up [Applause]
62:48,3768.32,5.50,six to shoot James drives into the lane wild shot can't get at the pole and a
62:54,3773.82,8.84,loose ball foul again been stolen state Tristan Thompson and his relentless pursuit of the ball draws the foul
63:03,3782.66,6.28,Barnes his third up to me this is why the Atty lose you stay with a big on the floor it's depression at Tristan
63:09,3788.94,6.69,Thompson on Kevin Love puts on the smaller guys trying to box them out on opposite side keeping them off that
63:16,3795.63,6.65,offensive glass Thompson has been so big in there coming back from three one down
63:22,3802.28,6.31,and hits yet another free throw love with the winner championship he's
63:29,3808.59,5.10,talking about his dad Trevor yesterday work two jobs growing up said he's the one that brought toughness to the family
63:34,3813.69,7.20,his dad's not here today but he's watching seven points three rebounds so
63:41,3820.89,6.23,far tonight and I'd be remiss if I didn't say Happy Father's Day to my dad
63:47,3827.12,8.17,such an influence great man's coach Bill Van Gundy amen to that my dad read for
63:55,3835.29,7.72,free what a game for draymond Green 6 of 7
64:03,3843.01,5.01,from downtown Mike not just the shot but
64:08,3848.02,3.83,a tremendous find from Shaun Livingston
64:14,3854.46,7.53,mega dollars shuts off James five to shoot curry knocks it away James at half-court spins drives the runner at
64:22,3861.99,7.22,the foul lines mrs. Thompson tips it picked up by curry curry the lowering Stan throws it down
64:29,3869.21,4.95,but the game is tied timeout Cavaliers
64:45,3884.55,5.64,what a ballgame warias not quitting great delivery from curry limits it does
64:50,3890.19,6.27,the rest get in my poster Tristan Thompson and how about the wonderful pass off the pick-and-roll limits that
64:56,3896.46,5.85,little touch get it to the seams behind the back in rhythm OnPoint agreed he
65:02,3902.31,6.26,does the rest we have ourselves a ball [Music]
65:09,3908.57,5.76,Oracle Arena roaring once again Dave Chappelle
65:14,3914.33,5.53,watching Dwayne Wade surprising LeBron James with the visit here to the game
65:20,3919.86,7.97,Russell Wilson and Ciara sit at courtside it's a hot ticket one guy paid
65:28,3927.83,6.88,49,500 each for two seats the biggest ticket price ever on StubHub Mike stop
65:35,3934.71,5.91,telling my business man that's my money and we have finally seen a game going
65:41,3940.62,5.70,back and forth there's been some brilliant individual performances and some great team efforts but we have not
65:46,3946.32,5.55,out of close game yet in these NBA Finals right now we're tied with just under two to play here in the third and
65:52,3951.87,6.36,Mike to me it all switched on the foul on draymond Green behind the three-point
65:58,3958.23,5.13,line a huge momentum swing James look at
66:03,3963.36,7.24,a post up Shaun Livingston max in tough follow a shot it's good
66:11,3970.60,7.00,living to play a while James was just better that's good defense my limits that's the shot you want LeBron James to
66:18,3977.60,7.05,take in that situation curry finds green
66:25,3984.65,4.61,Green fakes kicks it out Barnes for three
66:33,3993.29,5.31,Harrison Barnes struggling much of the series that's his second three-pointer
66:39,3998.60,4.88,he's got ten [Applause]
66:45,4004.79,6.07,Earvin resets right back to James against Livingston Jefferson cuts they
66:51,4010.86,12.15,go to Thompson Thompson puts it on the floor across the lane left-handed it's good Tristan Thompson but this is a hard unit
67:03,4023.01,5.79,for Cleveland to defend curry nearly falling now wild shot Iguodala comes up
67:09,4028.80,7.40,with a rebound Tristan Thompson deny curry
67:17,4036.87,6.54,shot clock winding down 224 curry the runner is up in and out and Jefferson
67:23,4043.41,6.24,the rebound that's great defense by freshman Tom you will not find another Senen League able to defend him without
67:30,4049.65,5.10,the basketball and then under control Irving trying to draw contact pulls up
67:35,4054.75,6.90,won't go we're good I love the rebound shot clock turned off as we wind down the third but poor use of the shot clock
67:42,4061.65,6.81,they got it back with a four-second differential and they shot it way too early big adalah inside finds room and
67:48,4068.46,6.09,finishes 3.2 remaining Irving will have
67:55,4074.55,5.43,a chance to get off a shot from half-court it's up and the third quarter
67:60,4079.98,7.68,comes to an end Game seven of the NBA Finals a one-point game as we head to
68:08,4087.66,5.22,the fourth Kyrie Irving coming alive
68:13,4092.88,5.00,here in this third 12 of his 21
68:18,4098.06,5.08,at one point Cleveland had a seven-point lead right now it's Golden State by one
68:23,4103.14,8.66,[Music]
68:32,4111.80,8.20,fourth-quarter Game seven a one-point game moments ago Doris Burke with c-curve Mike thank you Steve final 12
68:40,4120.00,5.97,minutes what must your guys do trust each other you know we got a little away from that in the third quarter keep
68:46,4125.97,5.31,moving the ball and good stuff happens I thought we got a little careless an
68:51,4131.28,6.48,entire NBA season coming down to one final quarter to decide a champion Kevin
68:58,4137.76,7.02,Love LeBron James Kyrie Irving Richard Jefferson and Shumpert out there for Cleveland they go to love the Dallas on
69:05,4144.78,6.51,him shot clock back to five James drives gets in the paint puts it up and puts it
69:11,4151.29,6.63,in and again good movement when the ball went in to love Jefferson said a flare
69:18,4157.92,7.35,screen the ball came back to James and there was a huge driving gap for him to attack Steph Curry on the bench for
69:25,4165.27,5.82,Golden State to start this fourth it's Livingston Thompson Barnes green and
69:31,4171.09,7.29,Iguodala five to shoot Livingston love grabs his twelfth rebound
69:39,4178.60,6.09,[Applause]
69:45,4184.69,5.35,James falls out of sit Jefferson sets a screen again shot clock
69:50,4190.04,5.91,winding down and the Love has it against green for on the 24 back to James fires
69:56,4195.95,5.85,from Prague and another loose ball foul I believe it's going to be against
70:02,4201.80,6.43,Iguodala he's upset [Applause]
70:08,4208.23,9.11,first team foul third on Iguodala [Applause]
70:17,4217.34,5.69,yeah he's rat he got his arm that's a good call
70:23,4223.03,6.54,James drives on Iguodala shut off nicely back out love good Kevin love you gotta
70:30,4229.57,6.69,look to shoot the basketball bacon please pull you got smaller guys on you you got a capital not that time he does
70:36,4236.26,6.09,right on cue mark with klay Thompson switching on him Kevin Love with his third field goal he's played well if
70:42,4242.35,5.40,you're Kevin Love you got to think his disrespectful the switch is small on me and take advantage of the matchup nine
70:48,4247.75,6.75,points 12 boards for love mega dolla back up top Barnes fakes strives pull-up
70:55,4254.50,5.25,jumper too strong and James grabs his ninth rebound he's one rebound away from
70:60,4259.75,6.36,a triple double love double-team stolen
71:06,4266.11,2.99,by klay Thompson
71:12,4272.40,7.74,stream on green drives back to Livingston his runner won't go late whistle little foul as Livingston got
71:20,4280.14,6.90,hit LeBron James has words who Danny Crawford goes right back at him as the
71:27,4287.04,7.74,foul is on Irving his third [Applause]
71:35,4294.78,5.59,is the explanation doesn't seem to be registering and clearly contact on the
71:40,4300.37,8.01,elbow of Shaun Livingston that's that's the correct call good eyes Livingston who is the hero of Game one twenty
71:48,4308.38,7.56,points off the bench eight of 10 from the field in that game now brings the Warriors within two both
71:56,4315.94,7.41,teams shot the ball very well from the free-throw line today in nine of ten for Golden State
72:03,4323.35,5.85,17 of 20 for Cleveland in the close game like that free throws always critical
72:09,4329.20,11.51,often decide who wins and loses and tonight that would be who wins and loses the championship back to one
72:28,4348.34,6.87,play Thompson on James six two two James drives kicks it out
72:35,4355.21,2.84,stolen by Iguodala
72:40,4360.33,13.65,to two consecutive turnovers off of Thompson that one halfway down cattle of
72:54,4373.98,6.55,wants to post up against plate ops and there's the double genes [Applause]
73:01,4380.53,6.27,Irving's drives on Green gets inside off-balanced comes up short gets his up rebound and puts it back
73:07,4386.80,5.92,layering the second effort and Steve Kerr calls timeout as the Cavaliers go
73:13,4392.72,6.12,up by three he has been spectacular waited for this moment and has capitalized he is outplayed Steph Curry in these
73:19,4398.84,6.24,finals curry back in the game number even watched a number of the games in the finals last year from the hospital
73:25,4405.08,5.66,after knee surgery seven to shoot
73:31,4410.74,5.71,good falls on out from Shepherd Green drives on James and finishes great play
73:36,4416.45,6.33,by draymond Green before defense by LeBron James you got to do a better job keeping them in front faucet of the
73:43,4422.78,5.75,shield a 30 point game for Trayvon Green [Applause]
73:49,4428.53,5.85,Shumpert LeBron James wants it back [Applause]
73:54,4434.38,7.82,couple of jabs Dixon out corner low for three and
74:02,4442.20,5.73,Barnes grabs the rebound terrific individual defense by Iguodala right
74:08,4447.93,6.91,there Thompson Watson looking to post-up Kyrie
74:15,4454.84,6.96,Irving fakes drives kicks it back out Barnes a good look an urban grabs the
74:22,4461.80,5.70,miss but that's the right play maker miss you want egg with dalla and Barnes
74:28,4467.50,9.06,having to shoot range jump shots Irving crossover stops pulls up jumper won't go rebound green curry ahead to
74:37,4476.56,10.86,Iguodala Iguodala all the way and draws the foul as Jefferson pumpkin you say how does
74:47,4487.42,6.60,Iguodala get such an opening is because LeBron James were putting the binding either help and leave klay Thompson wide
74:54,4494.02,5.22,open in that corner which would be a layup allow it would dolla to the lane
74:59,4499.24,5.82,good foul by Richard Jefferson but good basketball by the Warriors and it started that poor transition defense
75:05,4505.06,6.15,with Irving pursuing for a second shot after his miss Lena Dawa this is the
75:11,4511.21,6.48,free throw forcing LeBron James is it
75:18,4517.69,5.46,without misses two free throws to basically be the point dog with this group this is a crucial stretch so gutsy
75:23,4523.15,6.57,move took out Love and Kyrie Irving so where is the offense going to come as
75:30,4529.72,5.67,much of two missed free throws jockbox been winding down many of those halves
75:35,4535.39,6.14,possessions here to start the fourth James drives down the lane running shot banks and it's good
75:42,4541.53,6.07,there's no secret he's much more comfortable with anybody else's defending him not name Iguodala he's
75:48,4547.60,7.47,passed off a lot of those today certainly more so than he did in games five and six Curry's got Tristan
75:55,4555.07,5.85,Thompson on curry crossover three-pointer Xcode step from way
76:01,4560.92,8.22,downtown and were tied again a great shot pretty good defense by Thomas his
76:09,4569.14,2.75,fourth three-pointer
76:20,4579.86,5.53,James season-opening kicks it out in the corner back up jumper right side Smith
76:25,4585.39,9.28,fakes dribbles three-pointer short no good hanging out on the rebound Iguodala
76:35,4594.67,6.15,Thompson fakes Thompson fires a two-pointer for klay Thompson they'll
76:41,4600.82,4.55,review it but the call on the plaza to
76:46,4606.33,6.07,Tehran Lou on the court calling timeout and arguing with Mike Callahan as Golden
76:52,4612.40,5.13,State regains the lead II coach you
76:58,4617.53,6.23,talked about he got a closeout to the body of these shooters you close out short you're too late
77:04,4623.76,6.37,beautiful shot by klay Thompson how about this Steph Curry Tristan Thompson that's good defense but
77:10,4630.13,8.70,late on the contest curry gets to his spot we've seen that for two straight years now fine good the scene in
77:19,4638.83,6.99,Cleveland they've shut down downtown there's so many people downtown as you see the fans gathering you can't imagine
77:26,4645.82,7.14,the wider range of emotions of these Cleveland sports fans stress and anxiety elation and hope for
77:33,4652.96,6.39,many of them have waited over five decades worth of frustration and disappointment and LeBron James deliver
77:39,4659.35,5.57,that title we've got just over six minutes to find out and interestingly
77:45,4664.92,7.39,Healey goes back in the game James drives down stops picks it back ups
77:52,4672.31,8.21,Jefferson to jumper can't get at the pole and bringing the rebound his tenth he's two assists shy of a triple double
78:04,4684.00,7.31,curry with Jefferson leaning on him curry drives scoop layup mrs. green on the follow
78:17,4696.62,6.63,32 points for draymond Green the sealy now guarding James is as Healy's back in
78:23,4703.25,5.59,Manas Healey goes for the fake James draws the foul and it appeared he was
78:29,4708.84,5.18,beyond the arc Monty McCutchen checking with his fellow official to make sure
78:34,4714.02,7.06,it's good offense my Steph Curry getting into the seams forcing the help and draymond Green crash in the opposite the
78:41,4721.08,7.29,offensive board from the weak side is a good basketball Green has been spectacular all night long out working guys on the
78:48,4728.37,7.20,floor so they will check to make sure go to the replay and as Crawford over there
78:56,4735.57,5.52,he's saying three point three point attempt so three free throws but to me
79:01,4741.09,5.01,clearly contact by Ezeli he's behind the three-point line the coachella novi
79:06,4746.10,5.10,agree but there's no reason to switch in that situation you're doing the Cavs a
79:11,4751.20,7.32,favor by switching Ozzy Leon's into LeBron and I'll add another one there's no reason to contest coming off your
79:19,4758.52,5.60,feet James has not made a three today
79:24,4764.24,6.09,it's the first free-throw then it's back to three you always have to convince your bigs
79:30,4770.33,5.55,not to leave their feet when they're contestant out here beyond the three
79:36,4775.88,5.57,just put a hand up don't fight I'm Cleveland and you're gonna switch
79:41,4781.45,7.11,that pick-and-roll I'm coming back down and running the same exact action let's see me do it again James now 6 of
79:49,4788.56,5.33,7 from the free-throw line he has done some extraordinary things in his career
79:54,4793.89,5.14,what a victory tonight would be his greatest accomplishment in bringing a
79:59,4799.03,7.89,title back to Cleveland his team down by two with just under five and I have to play and he hits all three clutch free
80:07,4806.92,5.40,throws there Cavaliers talking about how they're going to defend their pick-and-roll with Steph Curry and the
80:12,4812.32,5.57,message comes they want to switch the pick-and-roll now he throws it away an errant pass
80:18,4817.89,7.27,10th turnover for Golden State this a bad play and he knows it a bad decision
80:25,4825.16,7.06,these are the plays that he's got to eliminate especially closing out games and that's his fourth turnover
80:32,4832.22,5.56,[Applause] Lakes is completely slowed down we see
80:38,4837.78,6.51,the big pick and roll again and they switch again good job by draymond Green getting back five to shoot
80:44,4844.29,7.80,Azealia again goes back up on him game steps back for three pops it in LeBron James from downtown and the Cavaliers go
80:52,4852.09,7.14,up by two 26 for James Thompson gets way
80:59,4859.23,4.22,from Smith drives left hand it off the glass
81:04,4864.45,5.67,and Steve Kerr going back to Harrison Barnes I'm sure for as Ely and love
81:10,4870.12,6.12,coming back in as well that is no knocked as Ely just bad been planning as
81:16,4876.24,6.12,far as putting him on the body of LeBron James it's easy office and you're allowing him to attack once again as Ely
81:22,4882.36,5.43,James this time goes Adam pulls back to point shots and green grabs another
81:28,4887.79,7.38,rebound his 12th curry downtown off the mark
81:35,4895.17,8.64,Jefferson able a snare it and Mike we're used to seeing that's great off it's a great screen him wide open for what used
81:44,4903.81,7.71,to seeing that one going down Irving's trying to get away from the double-team throws it back up to James James to
81:52,4911.52,7.08,Smith seven to shoot James backing up against curry 1 on the
81:59,4918.60,6.09,shot clock way off the mark and a 24-second violation for knocked out of bounds and
82:05,4924.69,6.65,it's going to be Golden State ball with 3:40 remaining Harrison Barnes is going to come in for
82:11,4931.34,5.91,his Ely we've had 20 lead changes and 11
82:17,4937.25,5.10,ties and the reason why that doesn't hurt you defense Lee because marine is
82:22,4942.35,5.91,defending Tristan Thompson so when the pick-and-roll comes is green switch him with Iguodala and it makes you better
82:28,4948.26,6.33,offensively also with bonds on the floor game 7 is tied with three and a half to
82:35,4954.59,2.90,go here on the 4th
82:41,4960.96,6.72,graeme back to Thompson Thompson spins shoots over Irving can't get at the fall
82:48,4967.68,6.39,and Kevin loved his 13th rebound again I think Cleveland would be better served to get into whatever they're getting
82:54,4974.07,8.51,into quickly now we're gonna see Jo Smith probably set the screen Jenny curry in the action
83:03,4983.24,6.34,curry now picks them up five to shoot James powers drives and Alain missed it
83:10,4989.58,6.36,big adalat consistent draymond Green
83:16,4995.94,6.29,kicks it out Iguodala for three rebound James and he's fouled by curry
83:22,5002.23,5.98,that's gonna be four fouls on curry third team foul and we'll take a timeout
83:28,5008.21,5.19,as we get under the 3-minute mark but
83:33,5013.40,5.25,you want to win this has got to be the mindset this is good defense and good offense that's both ways championship
83:39,5018.65,6.72,effort and on the other end clearly the contact by curry Lawson James that go down we have
83:45,5025.37,4.79,ourselves a ballgame a champion soon to come
83:51,5031.01,5.53,250 remaining fourth quarter of Game seven the only triple-doubles in the
83:57,5036.54,7.29,history of the game seven of the finals were from Jerry West and James Worthy until tonight as LeBron James with 26 10
84:04,5043.83,6.15,and 11 Green this time the power move to the
84:10,5049.98,6.78,basket but Iguodala right there that's Bailey contact jump addala got away with
84:17,5056.76,6.14,it and those are the tough calls to make
84:23,5062.90,6.21,[Music] meanwhile draymond Green one assist shy of a triple double to join James Irving
84:29,5069.11,9.33,we'll bring it up ain't holding throws
84:38,5078.44,7.41,it in the lock guarded by Barnes long a little jump hook short rebound green 14 rebounds for draymond Green to
84:46,5085.85,3.32,go with 32 points
84:53,5092.93,7.17,curry finds Iguodala drives kicks it out Barnes pawns outdegree puts up a three
85:00,5100.10,7.17,and Cavs get it back with two eleven remaining that's great rotation by the
85:07,5107.27,8.43,Cleveland Cavaliers James closes to the opposite corner love pulls the trigger on two greens terrific
85:16,5115.70,5.72,defense and very good offense by the Warriors and good offense on the cows part the last possession with love
85:21,5121.42,6.78,taking a tough shot but a bump Kyrie Irving on LeBron James the offense is running to me right now [Applause]
85:28,5128.20,5.56,Irving drives hop step inside pulls up misses rebound taken by Iguodala
85:34,5133.76,9.35,they go down low to curry back there go down low up for the lamb Oh blocked by James LeBron James with the rejection
85:43,5143.32,5.89,Wow this third block of the game as we
85:49,5149.21,5.19,come up on a middle of the half remaining but again get into your stuff
85:54,5154.40,7.28,quicker [Applause] for a shoot James inside little jump
86:02,5161.68,4.61,hook that short rebound tipped and taken by curry
86:10,5169.64,6.51,Perry drives on Irving pulls back for three listen even at the rim as Irving
86:16,5176.15,7.65,comes the yellow egg and Tehran Lou wants a timeout makes one of his final
86:24,5183.80,5.93,two timeouts left with 109 remaining and a tie game
86:34,5193.58,7.08,[Applause] oh my goodness
86:41,5201.22,7.65,great pass by curry running hard by Iguodala and superhuman
86:49,5208.87,8.30,defensive recovery by LeBron James [Applause]
86:59,5219.23,6.63,of electrifying Game seven here at Oracle Arena and Mike tyloo elects to
87:06,5225.86,6.38,take out Tristan Thompson insert Richard Jefferson offensively that will give him more space but if it's not a timeout
87:12,5232.24,7.54,defensively that's a real challenge for the Cavaliers against the likes of curry and Thompson
87:20,5239.78,6.54,each team has a foul to give as we come up on a minute remaining and they've put in Korea in the pick-and-roll trying to
87:26,5246.32,7.41,get him on early [Applause] Irving and curry one on one Irving puts
87:34,5253.73,7.56,it up the Cavaliers by three and I like
87:41,5261.29,6.24,the no timeout call by Steve Kerr love
87:48,5267.53,7.29,picks up curry curry steps back fakes the three drives again show up nicely found a green seven to shoot
87:55,5274.82,6.18,curry fakes the three steps back crossover puts up a three rebound James
88:01,5281.00,6.69,1 30 seconds remaining what a spectacular job I love Irving on the drive goes inside lost it
88:08,5287.69,6.69,gets it back and finds low there's a 7 second difference between shot clock and game clock and they had a foul to give
88:14,5294.38,7.50,so Barnes thousand there but that's a bad foul Mike that gives lutely three extra seconds and what was Kyrie Irving
88:22,5301.88,5.67,doing in transition though James will
88:28,5307.55,5.30,inbound now there's a four point seven difference between shot clock and game flyer
88:33,5312.85,5.96,[Applause] Cavaliers have one timeout left and go
88:39,5318.81,5.49,in the backcourt in the last two minutes to get it but they've got to manage this clock they don't want to go early
88:44,5324.30,6.39,Irving drives to James misses the jam but foul James will shoot two free
88:51,5330.69,6.57,throws as he goes down hard with ten point six remaining Cavaliers leading by
88:57,5337.26,7.01,dre Mike that's a good play by draymond Green that's a championship play because he gets the dunk is basically over
89:04,5344.27,6.34,doesn't allow him to get to the paint LeBron takes to spill hopefully he's all right but that's the right defensive
89:11,5350.61,6.84,play by draymond Green James holding on to that right wrist of it the medical staff and almost the
89:17,5357.45,6.65,entire team for the Cavaliers the entire bench running down to see if he's okay
89:28,5367.57,6.67,ten point six seconds remain Cleveland was down eight in the third
89:34,5374.24,5.76,quarter down four here in the fourth and now lead by three let's see the play
89:40,5380.00,2.42,once again
89:47,5386.65,5.34,a great fine from urban and draymond Green that's that's a clean foul it's a
89:52,5391.99,8.13,foul a sends up to the line that you see LeBron goes down hard fortunately he's up walking to the bench the big thing on
90:00,5400.12,7.14,that injury is Cleveland had to take their last timeout so if they have
90:07,5407.26,8.03,trouble getting the ball in if Golden State scores it's going you cannot have any more timeouts
90:15,5415.29,7.89,so James will go to the free-throw line a hard fall he's 7 of 8 from the line
90:23,5423.18,5.16,holding on and punching that right fist
90:29,5429.08,5.31,I can't say enough about the job Kevin Love did on that last possession defenses against the two-time MVP
90:34,5434.39,6.21,encouraged [Applause]
90:41,5440.60,4.28,Warriors have two timeouts remaining
90:49,5448.64,6.91,stays a three-point game to Mike as a player there's no pressure right now
90:56,5455.55,5.40,you're up three worst-case scenario you got to give them one free throw that should be the mindset I missed it you
91:01,5460.95,6.51,got to step up and knock this free throw down in your LeBron James Warriors will no doubt cold timeout miss or make here
91:07,5467.46,7.95,from James rattles in the second four-point game
91:15,5475.41,6.04,timeout Golden State Cleveland does have
91:21,5481.45,10.74,a foul to give LeBron James now with 27 points 11 rebounds and 11 assists some
91:32,5492.19,6.63,huge plays of the fourth quarter for Cleveland including this one they came out at a timeout set to get Steph Curry
91:39,5498.82,6.12,on Kyrie Irving they get exactly what they want everybody out of my way it's time to dance get some one-on-one lulls
91:45,5504.94,6.57,in the sleep horses the late contest that's a big-time offensive play by Kyrie Irving but it's a play he's made
91:52,5511.51,6.17,his entire life the ability to score and flat out get it done on the offensive end
91:58,5517.68,6.58,Irving now with 26 and back in Cleveland these fans realized their ten point six
92:04,5524.26,6.81,seconds away now from a championship and I'm not sure I like Shumpert on curry in
92:11,5531.07,8.22,this situation do you use your foul right here I would say yes I'd be on the
92:19,5539.29,5.79,top side I would make them go to their second play and you can't forget about
92:25,5545.08,6.27,mo Speights either a great point and I totally agree I take the foul on this possession forcing them to take it out
92:31,5551.35,5.34,again curry runs off big Adama looking
92:37,5556.69,6.69,Thompson catches Thompson a couple of dribbles head fake tied up throws it into green and a foul on the entry pass
92:43,5563.38,5.07,that's the foul to give and now they'll take it out of bounds with 6.5 remaining
92:48,5568.45,6.24,and you got to make sure you're in nobody's area to allow them to knock down to three and you get contact
92:55,5574.69,6.06,I lost a playoff game on a phantom four-point play to Jeff Van Gundy make
93:01,5580.75,5.64,$1 to inbound Shumpert trying to stay with curry catches one dribble steps
93:06,5586.39,6.86,back puts up a three won't go rebound tips taken by Speights final seconds it's over it's over
93:13,5593.25,7.34,Cleveland is a city of Champions once again the Cavaliers are NBA champions
93:35,5614.58,9.81,Cleveland's long sports nightmare has ended the drought is over 52 years time
93:44,5624.39,6.30,to celebrate a title and the emotions
93:51,5630.69,6.99,for LeBron James who delivers on his promise to come home and bring a championship to his beloved
93:58,5637.68,7.05,hometown [Applause]
94:05,5645.34,6.54,[Music] [Applause]
94:19,5658.89,5.96,and of course the disappointment the stunning disappointment at the other end
94:25,5664.85,8.71,James Jones his longtime teammate and with him for all six of these consecutive finals and an emotional
94:34,5673.56,8.48,Tehran Lou [Applause]
94:47,5687.33,7.39,water see an emotional scene for LeBron James these diehard fans so passionate
94:55,5694.72,7.20,they so love their team's decades of heartbreak of being teased but had never diminished their passion and now they're
95:02,5701.92,10.74,rewarded with an NBA championship as always the terrific sportsmanship so
95:13,5712.66,7.85,much more to come here from Oracle Arena as LeBron James and the Cavaliers win the NBA championship
95:23,5723.01,6.90,a shocking ending for Steph Curry in the
95:30,5729.91,6.27,Golden State Warriors to lose their last two games at Oracle Arena the most dominant home port in the NBA over the
95:36,5736.18,7.38,past two years as they failed to repeat coming up short in game 7 against the
95:44,5743.56,8.04,Cleveland Cavaliers LeBron James came back home to deliver a championship to
95:52,5751.60,6.57,his hometown he fulfilled his promise tonight with a spectacular road
95:58,5758.17,5.67,performance in the fourth quarter to win the championship let's get the ceremonies going right now and go to PA
96:04,5763.84,5.55,announcer Matt Horwitz ladies and
96:09,5769.39,5.01,gentlemen please direct your attention to center court for the presentation of
96:14,5774.40,5.85,the Larry O'Brien trophy and the 2016 Bill Russell NBA Finals Most Valuable
96:20,5780.25,7.92,Player Award please welcome ABC's odorous Berg with
96:28,5788.17,5.58,us tonight to present the 2016 NBA championship trophy please welcome NBA
96:34,5793.75,7.49,Commissioner Adam Silver you just witnessed one of the greatest
96:41,5801.24,7.89,games in NBA history to the Golden State Warriors congratulations on a historic
96:49,5809.13,7.11,season the Joel ACO Peter Guber and coach Kerr you're all a class act
96:56,5816.24,5.94,and the NBA thanks you and now Dan
97:02,5822.18,5.76,Gilbert your partner's your family coach Lou and
97:08,5827.94,5.52,the tremendous Cleveland Cavaliers congratulations you're the first team in
97:13,5833.46,7.13,the history of the NBA to come back from the 3-1 deficit to win the championship
97:21,5840.59,7.18,and to Northeast Ohio and Cleveland the curse is over the 52 year drought has
97:28,5847.77,4.94,come to an end let me present the championship trophy
97:39,5859.13,12.76,[Applause]
97:53,5872.97,17.61,dan Gilbert we have shots all night down
98:11,5890.58,6.73,of your fans back in Cleveland you said you felt an obligation to bring the
98:17,5897.31,7.11,title to those hungry fans why people of Cleveland deserves as Morton any people
98:24,5904.42,5.76,I've ever seen a mat or felt and thank God that God loves Cleveland Ohio he
98:30,5910.18,7.56,does I want to thank everybody think David Griffin on the front office tie in the coaching staff Oh everybody the
98:38,5917.74,5.91,entire franchise the best fans in the world and LeBron James and the Cleveland
98:44,5923.65,9.75,Cavaliers LeBron the first time could
98:53,5933.40,6.75,you have ever envisioned in returning and fulfilling the street I couldn't hear he exactly Doris but I all I know
99:00,5940.15,7.08,is no group deserves this more no fanbase deserves us more and I'm speechless and proud of everybody it's
99:07,5947.23,7.58,like a fantasy everybody Thank You Cleveland love you Cleveland thank you to the Golden State Warriors enjoy Lake
99:15,5954.81,5.52,your plants that was a great series great series congratulations
99:20,5960.33,5.80,tyloo today there was a point in wish
99:26,5966.13,5.34,you were down three to one but your confidence never faltered what
99:31,5971.47,7.50,was it about the character of this group that you never doubted them just we've been through adversity all year and you
99:39,5978.97,6.33,know we went through a lot and you know guys counted us out you know they said we couldn't get it done but I miss it
99:45,5985.30,5.16,ain't about me it's about the guys you know they you know I would believe all these guys any night any day and they
99:50,5990.46,5.49,stuck with it and we had a chance to give up we've been made history tonight and I told you sighs you know all year
99:56,5995.95,5.97,we've been making history by not tonight so these guys came out had a great showing I'll go to war and bow these
100:02,6001.92,5.73,guys in a single night and I want to give a shout out to Mexico Missouri and Cleveland Ohio we're coming back baby
100:08,6007.65,6.18,let's go [Applause]
100:14,6013.83,7.44,you have played along some of the old-time greats Shaq Kobe Michael we are witnesses one
100:21,6021.27,6.63,about once-in-a-generation players and LeBron James what makes this man so extraordinarily special you know outside
100:28,6027.90,5.79,of his basketball talent that's what you look at when you see on the floor you see his basketball talent the way
100:34,6033.69,5.64,control of the game can take over a game and things like that but the biggest things for LeBron the reason why he
100:39,6039.33,6.33,deserves this is because he has a great heart and he's always given he's given to everyone and it's not just about
100:46,6045.66,6.15,basketball it's about who he is as a person and great things happen to great people so I was happy for LeBron I'm
100:52,6051.81,5.70,happy for the city of Cleveland the state of Ohio the Cleveland Cavaliers organization and Mexico Missouri we in
100:58,6057.51,7.74,the house baby time now to bring back NBA Commissioner Adam Silver to present
101:05,6065.25,7.20,the MVP award Adam two years ago he
101:12,6072.45,6.48,wrote a letter to his fans in which he said I'm coming home and he said nothing
101:19,6078.93,6.60,is given to you in Northeast Ohio everything is earned in LeBron it was
101:26,6085.53,7.82,unanimous most valuable player 2016 NBA Finals congratulations
101:34,6094.34,16.26,[Applause]
101:51,6110.60,6.19,LeBron in that letter that Adams silver reference you said the most important thing to you was to bring the
101:57,6116.79,7.98,championship to Northeast Ohio why was that so important I understood with the people of
102:05,6124.77,6.81,Northeast Ohio been through the last 50 plus years I kept it I kept it at bay I
102:12,6131.58,5.73,never stressed the fact that I didn't feel the pressure that none of those things so it always kept me level-headed
102:17,6137.31,5.46,but I understood what everyone in Northeast Ohio been through the last 50 plus years and I'm happy to be a part of
102:23,6142.77,5.78,history I can't wait to get back home I'm ready to get to you guys
102:30,6149.51,5.34,what kind of character that it require of a group that not so many playing in
102:35,6154.85,5.28,their first NBA Finals to come out and win on this floor we've been through so
102:40,6160.13,6.18,much adversity these last two years I just knew we was capable of even being
102:46,6166.31,7.50,down 3-1 verse the greatest regular-season team ever you know 73 and 9 and everybody counted
102:54,6173.81,5.10,us out and that's when we strived the most when everybody count us out and that's definitely when I strived it most
102:59,6178.91,6.72,when everybody count me out you won two titles in Miami and I know they meant the world to you why does this one feel
103:06,6185.63,5.25,different I'm home I'm home this is what
103:11,6190.88,5.40,I came back for I'm at a loss for words
103:16,6196.28,7.13,this is unbelievable it doesn't feel real right now Thank You Doris thank you so much
103:29,6209.21,6.94,firing a year ago you were alone in a hospital room watching your team do
103:36,6216.15,5.79,battle and try to win an NBA championship can you describe what it was like for you going to battle and
103:42,6221.94,8.28,ultimately fulfilling what were childhood dreams you said history was made tonight but I mean that that
103:50,6230.22,6.54,championship team that's in that locker room right there we got to give him a lot of credit they did an amazing job and for us it was just about being
103:57,6236.76,7.11,resilient and coming in and taking care of business but I mean this was is one for the books literally it's one for the books down
104:04,6243.87,6.15,the stretch the big three was able to
104:10,6250.02,6.26,deliver why was that just an aggressive staying and sticking to the game plan executing offensively and defensively
104:16,6256.28,6.79,but I'm glad all the X's and O's are done and we can celebrate this championship can you describe what it is
104:23,6263.07,5.34,like long side of LeBron James and what effect he has on this group's ability to
104:28,6268.41,5.25,be confident that it can win regardless of the circumstance best player on the planet right there as you can see with
104:34,6273.66,7.83,the Finals MVP he took us home tonight and that's what he does that's what great players do and he made his 39 I'm
104:41,6281.49,7.29,proud of him congratulations Tristan Thompson I don't
104:49,6288.78,7.47,know many guys Tristan that would embrace so readily the dirty work that you pursue on a nightly basis why why
104:56,6296.25,5.01,are you so able to embrace that role he's starring a role I'd like to look at
105:01,6301.26,5.82,it's a great shift team at the puzzle everyone's has you know the role some guys always ask or defend and for me
105:07,6307.08,6.45,just do the dirty work and just be starring a role you told us yesterday that your father is responsible for the
105:14,6313.53,7.23,toughness that you display at his father's day and you'd be here but I know he's watching what would you say to him thank you for
105:21,6320.76,6.81,everything just the toughness the workout the key he's good in our family I love you pops
105:28,6327.57,10.58,I would put the same question to you you are playing makes this man so great
105:38,6338.15,5.74,Michael Jackson say he's a bad bad man Doris just just how he's able to elevate
105:44,6343.89,5.10,one's game and and just help us young guys show us what it takes to win a twin and win a championship
105:49,6348.99,6.83,congratulations Tristan and congratulations to the 2016 NBA champion
105:57,6356.53,7.04,[Applause] unless you've lived it in that city it's
106:04,6363.57,6.09,difficult to understand the magnitude of the moment for those sports fans the overwhelming joy the depth of the
106:10,6369.66,6.00,emotion the Cleveland sports fans celebrating right now and guys you know
106:16,6375.66,8.94,you've been a part of the sleep for a long time all that goes into a moment like this all the decisions not just for
106:25,6384.60,7.38,LeBron to come to Cleveland but also management front office coaches these
106:32,6391.98,6.18,players carrier moves spectacular it's it's everybody's championship even the
106:38,6398.16,8.01,fans of Cleveland that have gone through so much waiting for this moment they deserve it absolutely everyone knows the Irving
106:46,6406.17,7.35,jump shot of how great he played and James but listen Kevin Love played big tonight Shumpert made that four-point
106:54,6413.52,5.62,play I mean everybody has a part and everybody should be recognized
106:59,6419.14,6.72,and mark fans are always a part of it I don't know I mean there's been certain instances but these fans such a part of
107:06,6425.86,6.24,this they've been teased and tormented years where their teams had no chance other years seasons of great halt only
107:12,6432.10,8.96,to end in heartbreak and now they have their title their championship and courtesy of one of their own
107:22,6442.14,8.25,[Music] and as LeBron James cradling the NBA
107:30,6450.39,3.23,championship trophy